epoch,acc_epoch,train_loss,val_loss
0,0.20038580246913582,1.6096382,1.6090101
