steep,acc_step,train_step_loss,val_step_loss
0,0.19753086419753085,1.6096319,1.6233718
1000,0.19753086419753085,1.5986855,1.6120139
2000,0.19753086419753085,1.6057144,1.610453
3000,0.20038580246913582,1.6050297,1.6103338
4000,0.2008179012345679,1.6118947,1.6095016
